{
  "meta_title": "Mobifans - Capas, películas e acessórios para Smartphones e Tablets.",
  "meta_description": "Mobifans - Capas, películas e acessórios para celulares e tablets. Acessórios para smartphones iphone, samsung e toda linha Android, com cabos, fones de ouvidos, power bank e mais. Estamos em Porto Alegre, Novo Hamburgo e Santa Maria.",
  "sections": [
    {
      "type": "banner-slider",
      "autoplay": 4000,
      "slides": [
        {
          "start": "",
          "end": "",
          "img": "/img/uploads/banner-mobi-desk-2.png",
          "link": "/popsockets",
          "alt": "2020sucks",
          "mobile_img": "https://i.imgur.com/0NDkjhU.png"
        },
        {
          "start": "",
          "end": "",
          "img": "/img/uploads/banner-mobi-desk-4.png",
          "alt": "cool2021",
          "link": "/capas-antibacteria",
          "mobile_img": "https://i.imgur.com/lbqmAfs.png"
        }
      ]
    },
    {
      "type": "collection-shelf",
      "shuffle": true,
      "collection_id": "60ca5077641ad82fcc2a2e9f:collections:Capas e Películas Exclusivas:/capas-e-peliculas-exclusivas",
      "sort": "slug",
      "title": "Capas e Películas Exclusivas "
    },
    {
      "type": "custom-content",
      "markdown": "<div class=\"collectionID\"><h2 class=\"my-0\"><div style=\"text-align:center\">Confira nossas Coleções</h2></div>"
    },
    {
      "type": "banners-grid",
      "banners": [
        {
          "img": "/img/uploads/Banner-Produtos-mobi-01.png",
          "link": "/colecoes",
          "alt": "Capas para Celulares"
        },
        {
          "img": "/img/uploads/Banner-Produtos-mobi-02.png",
          "link": "/capas-biodegradaveis",
          "alt": "Capas para Celular Seed Biodegradável"
        }
      ]
    },
    {
      "type": "banners-grid",
      "banners": [
        {
          "img": "/img/uploads/Banner-Produtos-mobi-03.png",
          "link": "/peliculas",
          "alt": "Películas para Celular"
        },
        {
          "img": "/img/uploads/Banner-Produtos-mobi-04.png",
          "link": "/acessorios",
          "alt": "Acessórios para Celular"
        }
      ]
    },
    {
      "type": "collection-shelf",
      "shuffle": true,
      "limit": 20,
      "page": "",
      "collection_id": "60ca4ace641ad82fcc2a289e:collections:Acessórios +Vendidos:/acessorios-mais-vendidos",
      "sort": "news",
      "link": "",
      "title": "Acessórios +Vendidos"
    },
    {
      "type": "collection-shelf",
      "shuffle": false,
      "limit": "",
      "page": "",
      "sort": "slug",
      "collection_id": "60d0ad08d24de4526faa54ce:collections:Artes Exclusivas e Tendências:/artes-exclusivas-e-tendencias",
      "title": "Artes Exclusivas e Tendências"
    },
    {
      "type": "custom-content",
      "markdown": "###    Siga-nos no Instagram! [@mobifans](https://www.instagram.com/mobifans/)"
    },
    {
      "type": "banners-grid",
      "banners": [
        {
          "img": "/img/uploads/banner-instagram-mobi-01.png",
          "mobile_img": "/img/uploads/banner-instagram-mobi-02.png",
          "alt": "Instagram Mobifans",
          "link": "https://instagram.com/mobifans/"
        }
      ]
    }
  ]
}