{
  "assetsByChunkName": {
    "vendors~app-account~app-confirmation~app-order": "chunk.ae45f2fa051bd0750fbf.js",
    "vendors~app-account~app-checkout": "chunk.c7e581bdbb56191269e8.js",
    "vendors~app-cart~app-checkout": "chunk.1dbb51c02b42611f37cf.js",
    "admin": [
      "admin.35945d1456016621849f.js",
      "admin.35945d1456016621849f.js.map"
    ],
    "app-account": "chunk.669708000e03621fbfb6.js",
    "app-confirmation": "chunk.141d6e41aabbfeb147ad.js",
    "app-order": "chunk.72813f5c89401d4d468a.js",
    "checkout": [
      "checkout.6db8e38109f53e0205ae.js",
      "checkout.6db8e38109f53e0205ae.js.map"
    ],
    "storefront": [
      "storefront.80626f67087a5822bd58.css",
      "storefront.4d73742cd3d294760cf5.js",
      "storefront.80626f67087a5822bd58.css.map",
      "storefront.4d73742cd3d294760cf5.js.map"
    ],
    "vendors~app-cart": "chunk.c75346a686ed6e192f2f.js",
    "vendors~app-checkout": "chunk.f3a9ee3a8a6934899c2e.js"
  }
}